INSERT INTO "COURSE_4"."CHAT" (CHAT_ID, CHAT_NAME) VALUES ('1', 'test');
INSERT INTO "COURSE_4"."CHAT" (CHAT_ID, CHAT_NAME) VALUES ('2', 'test1');
INSERT INTO "COURSE_4"."CHAT" (CHAT_ID, CHAT_NAME) VALUES ('3', 'test2');
INSERT INTO "COURSE_4"."CHAT" (CHAT_ID, CHAT_NAME) VALUES ('4', 'test3');


INSERT INTO "COURSE_4"."User" (USER_ID, USER_FIRST_NAME, USER_SECOND_NAME, USER_PASSWORD, USER_EMAIL) VALUES ('1', 'Artem', 'Usenko', 'art', 'usenko@gmail.com');
INSERT INTO "COURSE_4"."User" (USER_ID, USER_FIRST_NAME, USER_SECOND_NAME, USER_PASSWORD, USER_EMAIL) VALUES ('2', 'Artem', 'Usenko', 'art1', 'usenko_1@gmail.com');
INSERT INTO "COURSE_4"."User" (USER_ID, USER_FIRST_NAME, USER_SECOND_NAME, USER_PASSWORD, USER_EMAIL) VALUES ('3', 'Artem', 'Usenko', 'art2', 'usenko_2@gmail.com');
INSERT INTO "COURSE_4"."User" (USER_ID, USER_FIRST_NAME, USER_SECOND_NAME, USER_PASSWORD, USER_EMAIL) VALUES ('4', 'Artem', 'Usenko', 'art3', 'usenko_3@gmail.com');


INSERT INTO "COURSE_4"."MESSAGE" (MESSAGE_ID, MESSAGE_TEXT, MESSAGE_DATE, CHAT_ID, USER_ID) VALUES ('1', 'hello', TO_DATE('2018-11-17 00:00:00', 'YYYY-MM-DD HH24:MI:SS'), '1', '1');
INSERT INTO "COURSE_4"."MESSAGE" (MESSAGE_ID, MESSAGE_TEXT, MESSAGE_DATE, CHAT_ID, USER_ID) VALUES ('2', 'hello user', TO_DATE('2018-11-17 00:00:00', 'YYYY-MM-DD HH24:MI:SS'), '2', '2');
INSERT INTO "COURSE_4"."MESSAGE" (MESSAGE_ID, MESSAGE_TEXT, MESSAGE_DATE, CHAT_ID, USER_ID) VALUES ('3', 'art', TO_DATE('2018-11-17 00:00:00', 'YYYY-MM-DD HH24:MI:SS'), '3', '3');
INSERT INTO "COURSE_4"."MESSAGE" (MESSAGE_ID, MESSAGE_TEXT, MESSAGE_DATE, CHAT_ID, USER_ID) VALUES ('4', 'hello users', TO_DATE('2018-11-17 00:00:00', 'YYYY-MM-DD HH24:MI:SS'), '4', '4');

INSERT INTO "COURSE_4"."CHATSETTINGS" (CHAT_ID, CHAT_SETTINGS_INFORMATION, CHAT_SETTINGS_ADMINISTRATOR_ID, CHAT_SETTINGS_ID) VALUES ('1', 'all notification', '1', '1');
INSERT INTO "COURSE_4"."CHATSETTINGS" (CHAT_ID, CHAT_SETTINGS_INFORMATION, CHAT_SETTINGS_ADMINISTRATOR_ID, CHAT_SETTINGS_ID) VALUES ('2', 'all notification', '2', '2');
INSERT INTO "COURSE_4"."CHATSETTINGS" (CHAT_ID, CHAT_SETTINGS_INFORMATION, CHAT_SETTINGS_ADMINISTRATOR_ID, CHAT_SETTINGS_ID) VALUES ('3', 'all notification', '3', '3');
INSERT INTO "COURSE_4"."CHATSETTINGS" (CHAT_ID, CHAT_SETTINGS_INFORMATION, CHAT_SETTINGS_ADMINISTRATOR_ID, CHAT_SETTINGS_ID) VALUES ('4', 'all notification', '4', '4');

INSERT INTO "COURSE_4"."USER_CHAT_ADMIN" (CHAT_ID, USER_ID) VALUES ('1', '1');
INSERT INTO "COURSE_4"."USER_CHAT_ADMIN" (CHAT_ID, USER_ID) VALUES ('2', '2');
INSERT INTO "COURSE_4"."USER_CHAT_ADMIN" (CHAT_ID, USER_ID) VALUES ('3', '3');
INSERT INTO "COURSE_4"."USER_CHAT_ADMIN" (CHAT_ID, USER_ID) VALUES ('4', '4');

INSERT INTO "COURSE_4"."USER_HAVE_CHAT" (CHAT_ID, USER_ID) VALUES ('1', '2');
INSERT INTO "COURSE_4"."USER_HAVE_CHAT" (CHAT_ID, USER_ID) VALUES ('1', '1');
INSERT INTO "COURSE_4"."USER_HAVE_CHAT" (CHAT_ID, USER_ID) VALUES ('1', '3');
INSERT INTO "COURSE_4"."USER_HAVE_CHAT" (CHAT_ID, USER_ID) VALUES ('1', '4');
INSERT INTO "COURSE_4"."USER_HAVE_CHAT" (CHAT_ID, USER_ID) VALUES ('2', '1');
INSERT INTO "COURSE_4"."USER_HAVE_CHAT" (CHAT_ID, USER_ID) VALUES ('3', '1');
INSERT INTO "COURSE_4"."USER_HAVE_CHAT" (CHAT_ID, USER_ID) VALUES ('4', '1');


INSERT INTO "COURSE_4"."USERSETTINGS" (USER_SETTINGS_ID, USER_ID, USER_SETTINGS_NOTIFICATION, USER_SETTINGS_POSITION_ON_JOB, USER_SETTINGS_INFORMATION) VALUES ('1', '1', 'all', 'junior developer', 'age 20');
INSERT INTO "COURSE_4"."USERSETTINGS" (USER_SETTINGS_ID, USER_ID, USER_SETTINGS_NOTIFICATION, USER_SETTINGS_POSITION_ON_JOB, USER_SETTINGS_INFORMATION) VALUES ('2', '2', 'all', 'junior developer', 'age 20');
INSERT INTO "COURSE_4"."USERSETTINGS" (USER_SETTINGS_ID, USER_ID, USER_SETTINGS_NOTIFICATION, USER_SETTINGS_POSITION_ON_JOB, USER_SETTINGS_INFORMATION) VALUES ('3', '3', 'all', 'junior developer', 'age 20');
INSERT INTO "COURSE_4"."USERSETTINGS" (USER_SETTINGS_ID, USER_ID, USER_SETTINGS_NOTIFICATION, USER_SETTINGS_POSITION_ON_JOB, USER_SETTINGS_INFORMATION) VALUES ('4', '4', 'all', 'junior developer', 'age 20');